path,size,type,last_commit,ref_count,bin_guess,hash
stillme_platform\gateway\SECURITY_GUIDELINES.md,3883,doc,f4332ca9,0,False,fa6d89f9271e61d3
stillme_platform\gateway\__init__.py,27,code,35cce8b7,0,False,3fe64f615c39f164
stillme_platform\gateway\api\__init__.py,33,code,35cce8b7,0,False,89d1d13c387d6f78
stillme_platform\gateway\api\routes\auth.py,4165,code,065c05c8,0,False,7c7422bd2695708d
stillme_platform\gateway\api\routes\devices.py,5161,code,065c05c8,0,False,de9e431c0766a0e7
stillme_platform\gateway\api\routes\health.py,3090,code,065c05c8,0,False,9d5fce3cb90bd26b
stillme_platform\gateway\api\routes\messages.py,3583,code,065c05c8,0,False,94bf45797be84243
stillme_platform\gateway\api\routes\__init__.py,40,code,35cce8b7,0,False,ec850b49aa1adde5
stillme_platform\gateway\core\auth.py,3494,code,065c05c8,0,False,1ca734467ad6faa1
stillme_platform\gateway\core\config.py,2771,code,065c05c8,0,False,6598ac4f0d51d337
stillme_platform\gateway\core\message_protocol.py,9802,code,065c05c8,0,False,9ac711cbcdfe31dd
stillme_platform\gateway\core\redis_client.py,8584,code,065c05c8,0,False,202b304345bdeab0
stillme_platform\gateway\core\websocket_manager.py,10520,code,065c05c8,0,False,800dbd94d41ecbeb
stillme_platform\gateway\services\email_notifier.py,19329,code,795ffb24,0,False,413d0f47b9d38f73
stillme_platform\gateway\services\notification_manager.py,21941,code,795ffb24,0,False,b7ca6fd4c9157506
stillme_platform\gateway\services\notification_service.py,6264,code,065c05c8,0,False,1e2e7b50a0c3d1a3
stillme_platform\gateway\services\oauth2_email_notifier.py,5279,code,795ffb24,0,False,efdf6f4f9e706f61
stillme_platform\gateway\services\stillme_integration.py,9643,code,065c05c8,0,False,980c627d58898925
stillme_platform\mobile\app.json,62,config,35cce8b7,0,False,ec1b40220a271206
stillme_platform\mobile\App.tsx,4728,other,35cce8b7,0,False,078788c6a881d361
stillme_platform\mobile\index.js,192,code,35cce8b7,0,False,83d78c9686049920
stillme_platform\mobile\package-lock.json,490734,config,35cce8b7,0,False,2c37ec3347610a61
stillme_platform\mobile\package.json,1413,config,35cce8b7,0,False,736266c193702295
stillme_platform\mobile\android\gradlew.bat,2805,other,35cce8b7,0,False,17c50a8ae98b0ae3
stillme_platform\mobile\android\app\src\main\java\com\stillmemobile\MainActivity.java,1137,code,35cce8b7,0,False,37b01b416f8ac845
stillme_platform\mobile\android\app\src\main\java\com\stillmemobile\MainApplication.java,2290,code,35cce8b7,0,False,53a822002d9ea1ef
stillme_platform\mobile\src\hooks\redux.ts,396,code,35cce8b7,0,False,998f7123d6b49242
stillme_platform\mobile\src\screens\AuthScreen.tsx,6878,other,35cce8b7,0,False,996858c555151019
stillme_platform\mobile\src\screens\ChatScreen.tsx,9167,other,35cce8b7,0,False,255195b7b6f8e8ba
stillme_platform\mobile\src\screens\SettingsScreen.tsx,11356,other,35cce8b7,0,False,523ddf9af3027017
stillme_platform\mobile\src\screens\SplashScreen.tsx,1313,other,35cce8b7,0,False,4052e1d1711230fb
stillme_platform\mobile\src\services\biometric.ts,9544,code,35cce8b7,0,False,b27ef118e0d1ea00
stillme_platform\mobile\src\services\notifications.ts,10926,code,35cce8b7,0,False,3fa8f1692d558245
stillme_platform\mobile\src\services\storage.ts,13171,code,35cce8b7,0,False,11adb052fb554362
stillme_platform\mobile\src\services\websocket.ts,8086,code,35cce8b7,0,False,58d420dfb531734d
stillme_platform\mobile\src\store\store.ts,1415,code,35cce8b7,0,False,331c39facec400dd
stillme_platform\mobile\src\store\slices\appSlice.ts,1814,code,35cce8b7,0,False,d7a6ae7cecaa2466
stillme_platform\mobile\src\store\slices\authSlice.ts,2442,code,35cce8b7,0,False,a94c66a4813fffec
stillme_platform\mobile\src\store\slices\chatSlice.ts,2666,code,35cce8b7,0,False,7b18c72d8602e175
stillme_platform\mobile\src\store\slices\notificationSlice.ts,3603,code,35cce8b7,0,False,6d79fa4826a889ac
stillme_platform\mobile\src\store\slices\settingsSlice.ts,3204,code,35cce8b7,0,False,cf3e3eebccf564f0
stillme_platform\mobile\src\theme\theme.ts,1956,code,35cce8b7,0,False,1ba35523112b9405
stillme_platform\mobile\src\types\navigation.ts,422,code,35cce8b7,0,False,2c4428e8bbd7023b
stillme_platform\shared\types.ts,6838,code,35cce8b7,0,False,0d0500caed22c4d8
stillme_platform\shared\websocket-client.ts,7837,code,35cce8b7,0,False,f986da343fc14490
stillme_platform\StillMeMobileTemp\app.json,72,config,unknown,0,False,40273beba9a4ae80
stillme_platform\StillMeMobileTemp\App.tsx,890,other,unknown,0,False,f803ac724bb68ffd
stillme_platform\StillMeMobileTemp\babel.config.js,72,code,unknown,0,False,d76a3a8625b204ef
stillme_platform\StillMeMobileTemp\index.js,187,code,unknown,0,False,923f6db3c2996730
stillme_platform\StillMeMobileTemp\jest.config.js,48,code,unknown,0,False,ff34c1c382123874
stillme_platform\StillMeMobileTemp\metro.config.js,301,code,unknown,0,False,aaf6a75e73476ef1
stillme_platform\StillMeMobileTemp\package-lock.json,538270,config,unknown,0,False,db1de02ab4824b07
stillme_platform\StillMeMobileTemp\package.json,2343,config,unknown,0,False,d98bca0de00fd294
stillme_platform\StillMeMobileTemp\README.md,3582,doc,unknown,0,False,c42a08a4345f6885
stillme_platform\StillMeMobileTemp\tsconfig.json,134,config,unknown,0,False,14bd3ce830fee99d
stillme_platform\StillMeMobileTemp\android\gradlew.bat,3134,other,unknown,0,False,07a4bb3ec77dcc9f
stillme_platform\StillMeMobileTemp\android\app\src\main\java\com\stillmemobiletemp\MainActivity.kt,865,code,unknown,0,False,69b52ab6862d5996
stillme_platform\StillMeMobileTemp\android\app\src\main\java\com\stillmemobiletemp\MainApplication.kt,1383,code,unknown,0,False,84fa1890164342f5
stillme_platform\StillMeMobileTemp\ios\StillMeMobileTemp\AppDelegate.swift,1240,code,unknown,0,False,9672a848e7aee769
stillme_platform\StillMeMobileTemp\ios\StillMeMobileTemp\Images.xcassets\Contents.json,63,config,unknown,0,False,991ae939fbd59845
stillme_platform\StillMeMobileTemp\ios\StillMeMobileTemp\Images.xcassets\AppIcon.appiconset\Contents.json,849,config,unknown,0,False,8a18bd4a58344d5f
stillme_platform\StillMeMobileTemp\src\hooks\redux.ts,396,code,unknown,0,False,998f7123d6b49242
stillme_platform\StillMeMobileTemp\src\screens\AuthScreen.tsx,6878,other,unknown,0,False,996858c555151019
stillme_platform\StillMeMobileTemp\src\screens\ChatScreen.tsx,9167,other,unknown,0,False,255195b7b6f8e8ba
stillme_platform\StillMeMobileTemp\src\screens\SettingsScreen.tsx,11356,other,unknown,0,False,523ddf9af3027017
stillme_platform\StillMeMobileTemp\src\screens\SplashScreen.tsx,1313,other,unknown,0,False,4052e1d1711230fb
stillme_platform\StillMeMobileTemp\src\services\biometric.ts,9544,code,unknown,0,False,b27ef118e0d1ea00
stillme_platform\StillMeMobileTemp\src\services\notifications.ts,10926,code,unknown,0,False,3fa8f1692d558245
stillme_platform\StillMeMobileTemp\src\services\storage.ts,13171,code,unknown,0,False,11adb052fb554362
stillme_platform\StillMeMobileTemp\src\services\websocket.ts,8086,code,unknown,0,False,58d420dfb531734d
stillme_platform\StillMeMobileTemp\src\store\store.ts,1415,code,unknown,0,False,331c39facec400dd
stillme_platform\StillMeMobileTemp\src\store\slices\appSlice.ts,1814,code,unknown,0,False,d7a6ae7cecaa2466
stillme_platform\StillMeMobileTemp\src\store\slices\authSlice.ts,2442,code,unknown,0,False,a94c66a4813fffec
stillme_platform\StillMeMobileTemp\src\store\slices\chatSlice.ts,2666,code,unknown,0,False,7b18c72d8602e175
stillme_platform\StillMeMobileTemp\src\store\slices\notificationSlice.ts,3603,code,unknown,0,False,6d79fa4826a889ac
stillme_platform\StillMeMobileTemp\src\store\slices\settingsSlice.ts,3204,code,unknown,0,False,cf3e3eebccf564f0
stillme_platform\StillMeMobileTemp\src\theme\theme.ts,1956,code,unknown,0,False,1ba35523112b9405
stillme_platform\StillMeMobileTemp\src\types\navigation.ts,422,code,unknown,0,False,2c4428e8bbd7023b
stillme_platform\StillMeMobileTemp\__tests__\App.test.tsx,254,test,unknown,0,False,5e79b515bee1084a
stillme_platform\StillMeSimple\app.json,64,config,unknown,0,False,bfe60566c2b2bd57
stillme_platform\StillMeSimple\App.tsx,20861,other,unknown,0,False,ad9b98fc43ff6902
stillme_platform\StillMeSimple\babel.config.js,77,code,unknown,0,False,c245ebbd64e49fc2
stillme_platform\StillMeSimple\CONFIGURATION_GUIDE.md,3773,doc,unknown,0,False,f041532b41687e2c
stillme_platform\StillMeSimple\index.js,183,code,unknown,0,False,73cee189b48b6117
stillme_platform\StillMeSimple\jest.config.js,48,code,unknown,0,False,ff34c1c382123874
stillme_platform\StillMeSimple\metro.config.js,302,code,unknown,0,False,5238805b72f4a26f
stillme_platform\StillMeSimple\package-lock.json,516992,config,unknown,0,False,3bce78f3146e8e5c
stillme_platform\StillMeSimple\package.json,956,config,unknown,0,False,53269c6c3e3a22fa
stillme_platform\StillMeSimple\tsconfig.json,56,config,unknown,0,False,61906882daffb883
stillme_platform\StillMeSimple\android\gradlew.bat,2868,other,unknown,0,False,8e327fcb99d29ce0
stillme_platform\StillMeSimple\android\app\src\debug\java\com\stillmesimple\ReactNativeFlipper.java,3379,code,unknown,0,False,ceb9ec2c0430da67
stillme_platform\StillMeSimple\android\app\src\main\java\com\stillmesimple\MainActivity.java,1105,code,unknown,0,False,d446406b21ae0545
stillme_platform\StillMeSimple\android\app\src\main\java\com\stillmesimple\MainApplication.java,1977,code,unknown,0,False,87ea102462071e65
stillme_platform\StillMeSimple\android\app\src\release\java\com\stillmesimple\ReactNativeFlipper.java,683,code,unknown,0,False,f695667aa5d1e1e5
stillme_platform\StillMeSimple\ios\StillMeSimple\AppDelegate.h,98,code,unknown,0,False,edaf898f5c460c19
stillme_platform\StillMeSimple\ios\StillMeSimple\Images.xcassets\Contents.json,63,config,unknown,0,False,991ae939fbd59845
stillme_platform\StillMeSimple\ios\StillMeSimple\Images.xcassets\AppIcon.appiconset\Contents.json,849,config,unknown,0,False,8a18bd4a58344d5f
stillme_platform\StillMeSimple\src\config\index.js,2218,code,unknown,0,False,d1ce449d94056463
stillme_platform\StillMeSimple\__tests__\App.test.tsx,363,test,unknown,0,False,be9193de919092c5
test\test_manager.py,1226,test,065c05c8,0,False,634b439ca1a44149
tests\conftest.py,11520,code,065c05c8,0,False,6c685c1e61f0a42e
tests\README.md,8135,doc,unknown,0,False,b2ad6ee15c835feb
tests\test_advanced_agentdev.py,29305,test,065c05c8,0,False,3feaa865f8466820
tests\test_agentdev_basic.py,2084,test,065c05c8,0,False,5079e622759299e7
tests\test_agentdev_direct.py,1020,test,065c05c8,0,False,189c0a7960a84762
tests\test_agentdev_loop.py,5460,test,065c05c8,0,False,48435357f7357f35
tests\test_agentdev_minimal.py,1206,test,065c05c8,0,False,41a7029bf2222a8e
tests\test_agentdev_simple.py,1480,test,065c05c8,0,False,a9af4e1d271667c9
tests\test_agent_flow.py,10238,test,065c05c8,0,False,5044cddad7353f66
tests\test_ai_manager_extended.py,1672,test,065c05c8,0,False,878f73ae5a548c7f
tests\test_api_bridge.py,7584,test,065c05c8,0,False,71a53fc89eda411a
tests\test_api_dev_agent.py,804,test,f814bff5,0,False,ba985561ec373d3d
tests\test_api_provider_manager.py,4281,test,d62e20a8,0,False,80bed48919a26ef3
tests\test_api_pr_fullsuite.py,3289,test,065c05c8,0,False,13a1edc2322ff553
tests\test_batch2_http_io.py,22006,test,065c05c8,0,False,29ced0ceb6a22a4d
tests\test_batch3_templates_validation.py,25685,test,065c05c8,0,False,d07672725fa43cd2
tests\test_bugmemory_priority.py,584,test,065c05c8,0,False,0e763ae12cd0b170
tests\test_bug_memory.py,384,test,065c05c8,0,False,e25240c5f2f4f1c4
tests\test_bug_memory_record.py,3855,test,065c05c8,0,False,b35140f299e7c200
tests\test_code_quality_enforcer.py,18581,test,065c05c8,0,False,945fdd6f6e811ac1
tests\test_common_modules.py,18328,test,065c05c8,0,False,ef8c48865a218545
tests\test_communication_style_manager.py,5876,test,065c05c8,0,False,9c7d988fda032b7e
tests\test_compute_ai_manager.py,208,test,065c05c8,0,False,2870b5362350d296
tests\test_config_defaults.py,454,test,065c05c8,0,False,5780c414f5175906
tests\test_connectivity.py,463,test,065c05c8,0,False,4672e2840d73299d
tests\test_content_integrity_filter.py,19095,test,065c05c8,0,False,ad826f75e95fd666
tests\test_conversational_core_v1.py,2718,test,065c05c8,0,False,0b7e4dca416d5e9f
tests\test_emotionsense_v1.py,33069,test,065c05c8,0,False,1c8b729ab0ca186e
tests\test_enhanced_agentdev.py,19750,test,065c05c8,0,False,30a67d3aac3b3b49
tests\test_ethical_core_system_v1.py,21313,test,065c05c8,0,False,382d07ad9e7f538c
tests\test_example.py,220,test,065c05c8,0,False,987139a1136c5e6b
tests\test_example_module.py,39,test,f814bff5,0,False,9dcacad334f2bdb2
tests\test_executor.py,930,test,065c05c8,0,False,5e8d6a6f0181f34c
tests\test_executor_patch.py,2490,test,065c05c8,0,False,5f48795dadcd62af
tests\test_gateway_architecture.py,8392,test,065c05c8,0,False,6c8897f5c7906866
tests\test_generate_patch_stub.py,508,test,065c05c8,0,False,9ceeaf54309c49a7
tests\test_gpt5_bridge.py,3147,test,065c05c8,0,False,0b3a7ee76e068dfc
tests\test_guard.py,6399,test,065c05c8,0,False,69c2300e9d6b0bd0
tests\test_guard_v3.py,5305,test,065c05c8,0,False,cef48b01bd83b062
tests\test_guard_v4.py,5504,test,065c05c8,0,False,786bbf1434e2bb0d
tests\test_health_ai_manager.py,340,test,065c05c8,0,False,3a79ce82c6d78233
tests\test_identity_handler.py,6283,test,065c05c8,0,False,2fd7db51e260fd87
tests\test_identity_integration.py,4552,test,065c05c8,0,False,4d6e34378b1c8c08
tests\test_internet_access.py,12703,test,unknown,0,False,9d81b4806ae8a075
tests\test_layered_memory_v1.py,6007,test,065c05c8,0,False,0a6bef2957c7f582
tests\test_niche_e2e.py,17102,test,unknown,0,False,64f522ea7c66233b
tests\test_niche_integration.py,15236,test,unknown,0,False,73fee67c45794a41
tests\test_niche_units.py,14481,test,unknown,0,False,dfbf2e12521ae1c2
tests\test_obs_files.py,8459,test,065c05c8,0,False,f599a38cf74838d7
tests\test_persona_morph.py,8295,test,065c05c8,0,False,b946654c12182b9d
tests\test_planner_multi.py,931,test,065c05c8,0,False,08f1676d3fee494b
tests\test_plan_types.py,239,test,065c05c8,0,False,e7819adae1ce35c6
tests\test_reflection_controller.py,18795,test,065c05c8,0,False,d6d8d33a49e1746e
tests\test_reflection_integration.py,17256,test,065c05c8,0,False,29ed6e8ab5ab8dd4
tests\test_router.py,21203,test,7810265e,0,False,f4a300d7fc609658
tests\test_router_v9.py,3586,test,065c05c8,0,False,66e7ef083baa5cfa
tests\test_security_handler.py,9728,test,065c05c8,0,False,213ed6d5339ddd47
tests\test_self_improvement_manager.py,25004,test,065c05c8,0,False,b5b90e4d70e4a6f7
tests\test_smart_gpt_api_manager_v1.py,1851,test,065c05c8,0,False,dfe1379fd13de573
tests\test_stillme_behavior_matrix.py,42667,test,065c05c8,0,False,9210a0cd30d96c7b
tests\test_supervisor_flow.py,5959,test,065c05c8,0,False,6bd8124799f278fc
tests\test_token_optimizer_v1.py,6038,test,065c05c8,0,False,bccb16f8affa5a0f
tests\test_verifier.py,5488,test,065c05c8,0,False,5aca1d5b6f1e301b
tests\test_web_access_v2.py,23888,test,unknown,0,False,ecf9a7fce3a9f0d6
tests\__init__.py,23,code,dde1d77f,0,False,35048fbe50caf7cd
tests\fixtures\github_trending_sample.json,1376,config,unknown,0,False,f979c33a60f79ca2
tests\fixtures\google_trends_sample.json,1951,config,unknown,0,False,1b7b7703ebe1c2ae
tests\fixtures\hackernews_sample.json,1286,config,unknown,0,False,900584f2fb7d494e
tests\fixtures\news_sample.json,1501,config,unknown,0,False,fca0db430f6c1e47
tests\fixtures\reddit_sample.json,1569,config,unknown,0,False,3bdc5f8d5fa4a9dd
tests_harness\cost_calculator.py,13990,code,5daf33aa,0,False,f2003b0e193e9cbf
tests_harness\demo_augmentation.py,6721,code,5daf33aa,0,False,dfd529f00f515593
tests_harness\demo_comprehensive_test.py,15404,test,ee7ef7bd,0,False,0ebb33ae17ad7240
tests_harness\demo_optimization.py,2176,code,a74680b0,0,False,3addfdd19f811c11
tests_harness\ENHANCED_COMPLETION_REPORT.md,7693,doc,a74680b0,0,False,598423c982f39aa5
tests_harness\FINAL_COMPLETION_REPORT.md,6966,doc,2329240f,0,False,4e724bebf1cf4a1b
tests_harness\IMPLEMENTATION_SUMMARY.md,7777,doc,5daf33aa,0,False,1e9a4569d0727697
tests_harness\OPTION1_OPTION2_COMPLETION_REPORT.md,7508,doc,ee7ef7bd,0,False,bfba6895e816ab92
tests_harness\README.md,9081,doc,5daf33aa,0,False,e0d98c403df78bfe
tests_harness\README_TESTS.md,7661,test,39058dc2,0,False,e0525cfc0fcb570c
tests_harness\seed_generator.py,11765,code,5daf33aa,0,False,7bf01516d689b740
tests_harness\simple_demo.py,8746,code,5daf33aa,0,False,aab6d048264775a4
tests_harness\simple_html_report.py,20749,code,ee7ef7bd,0,False,525f2d6f32335cbb
tests_harness\slo_policy.yaml,3255,config,unknown,0,False,c949edad688b122c
tests_harness\TODO_LIST.md,5607,doc,ee7ef7bd,0,False,f0aa557256f4bcfd
tests_harness\augmentor\augment_runner.py,14205,code,5daf33aa,0,False,2067848399181316
tests_harness\augmentor\backtranslate.py,14193,code,5daf33aa,0,False,b84cbc1322762e80
tests_harness\augmentor\paraphraser.py,9914,code,5daf33aa,0,False,5447e21d49d10b69
tests_harness\augmentor\template_filler.py,19696,code,5daf33aa,0,False,624081fc5b76dc1a
tests_harness\benchmarking\performance_benchmark.py,20700,code,unknown,0,False,5b6bd1e92a17611b
tests_harness\evaluators\agentdev_eval.py,21954,code,2329240f,0,False,f096a1350559bfbd
tests_harness\evaluators\efficiency_eval.py,18283,code,2329240f,0,False,466ad04a4a481a11
tests_harness\evaluators\persona_eval.py,16987,code,ee7ef7bd,0,False,158054ae09500e1e
tests_harness\evaluators\safety_eval.py,21930,code,ee7ef7bd,0,False,9e14b6f48df6b1f7
tests_harness\evaluators\translation_eval.py,28012,code,ee7ef7bd,0,False,e986c6443106261f
tests_harness\optimization\optimization_analyzer.py,66646,code,128def0f,0,False,3687963a844bdc02
tests_harness\optimization\slo_policy.py,16012,code,128def0f,0,False,ade5af795dabb67b
tests_harness\runners\real_test_runner.py,22255,test,ee7ef7bd,0,False,c2074ad6e14350f6
tests_harness\runners\run_all.py,8227,code,a74680b0,0,False,cda067722a600c39
tests_harness\scenarios\persona_scenarios.yaml,4175,config,unknown,0,False,dd69ff0d8d154755
tests_harness\scenarios\safety_scenarios.yaml,4848,config,unknown,0,False,1a89bc569f1e83e9
tests_harness\scenarios\translation_scenarios.yaml,5152,config,unknown,0,False,ac082430e902359a
tests_harness\tests_harness\benchmarking\benchmark_report_20250917_095252.json,16133,config,unknown,0,False,2067fff2c985c652
tools\check_crlf_precommit.py,1315,code,unknown,0,False,1a5f99f4ee182616
tools\check_null_bytes_precommit.py,1301,code,unknown,0,False,541ede3ff62a1bcb
tools\clean_test_artifacts.bat,676,test,unknown,0,False,55b0e4b6d811f3df
tools\clean_test_artifacts.sh,502,test,unknown,0,False,5bd06d226f734549
tools\find_candidates.py,19558,code,unknown,0,False,ef0b9fd879882bbd
tools\fresh_venv.bat,799,other,unknown,0,False,07cb8fa9f956e8c1
tools\fresh_venv.sh,747,other,unknown,0,False,8ce32fea628dbd9b
tools\normalize_encoding.py,5768,code,unknown,0,False,f4b5cbe97b1f0a1a
tools\pytest_bisect.py,4094,test,unknown,0,False,a7edfd11709b9c07
tools\quarantine_move.py,12012,code,unknown,0,False,acf909dc223a0e42
tools\repo_inventory.py,19079,code,unknown,0,False,c9a9f8e035e409ad
tools\restore_from_graveyard.py,724,code,unknown,0,False,588096a20e57ca33
tools\run_redteam.py,6688,code,065c05c8,0,False,c7f69d440fb4ab86
tools\scan_null_bytes.py,5113,code,unknown,0,False,2c8e2961d056c8f6
ADVANCED_AGENTDEV_README.md,27449,doc,fa5b9cc3,0,False,4aa6b88c1d7c94bd
AGENTDEV_GAPS.md,6124,doc,4d432782,0,False,edddb8c35b0233ae
AGENTDEV_OVERVIEW.md,6016,doc,4d432782,0,False,f7b5256da4336040
AGENTDEV_PLAN.md,9450,doc,4d432782,0,False,923ba6625320fd64
agent_dev.py,30849,code,065c05c8,0,False,157d7c9e032c300c
AI_RULES.md,2132,doc,3439b858,0,False,d8b39fe16a7211fa
api_server.py,3954,code,065c05c8,0,False,4ebbcd3fbafb70ba
app.py,36512,code,66dc7145,0,False,8ee6757ead3b9262
app_with_core.py,7855,code,unknown,0,False,21c6b4f9c773ab83
BATCH3_COMPLETION_REPORT.md,7422,doc,e5e7d55e,0,False,3688cb40e8bae267
BATCH3_FINAL_SUMMARY.md,8756,doc,unknown,0,False,348f9e0f13486423
CLIENT_INTEGRATION_COMPLETION_REPORT.md,7937,doc,e5e7d55e,0,False,79f8b7e5de34125c
COMMUNICATION_CHANNEL_ARCHITECTURE.md,8803,doc,35cce8b7,0,False,c6c094d66be5806f
CONFLICT_RESOLUTION_REPORT.md,9683,doc,d62d46c9,0,False,c5420ceb47ad8963
CONNECTION_FIX_REPORT.md,6823,doc,e5e7d55e,0,False,0f9b09de2a5abdc9
content_integrity_filter.py,13870,code,unknown,0,False,7eeebcad3d7766f7
create_zip.py,1173,code,795ffb24,0,False,c44316bff3ffa339
daily_learning_session.py,11202,code,065c05c8,0,False,0b8d8f41e994fa66
debug_app_flow.py,4019,code,unknown,0,False,be92b815b5a8db47
debug_app_full_flow.py,4608,code,unknown,0,False,13dd03a959df6f6f
debug_app_web_request.py,4048,code,unknown,0,False,baa35a2bccfde716
debug_backend.py,1471,code,unknown,0,False,0cd5fab61ef2ee33
debug_full_flow.py,4015,code,unknown,0,False,b42f50681cab7cfc
debug_web_search.py,2248,code,unknown,0,False,f1aa33353eeb0b01
desktop_app_server_config.py,4388,code,065c05c8,0,False,7fd538257ebe9140
desktop_chat_app.py,8670,code,25cb79a0,0,False,406ce69cf08b19c7
DEVELOPMENT_GUIDE.md,4537,doc,35cce8b7,0,False,66aa7b35bc57f7db
dev_agent_cli.py,1045,code,065c05c8,0,False,67eff795df8fac71
DYNAMIC_COMMUNICATION_STYLE.md,3732,doc,c31a23bc,0,False,e0b632df9e3eea69
email_setup_guide.md,2218,doc,dde1d77f,0,False,41829eaa68ab7d16
FOUR_STEPS_COMPLETION_REPORT.md,9776,doc,e5e7d55e,0,False,9629663168e65f1c
gmail_advanced_protection_guide.md,4763,doc,dde1d77f,0,False,8bc5f5ec9e571ecf
load_ollama_model.py,1210,code,unknown,0,False,b03fa34f2452eef3
market_intel.py,23350,code,unknown,0,False,61b069058e759037
package-lock.json,94387,config,e158fe44,0,False,c31f3cc5c9b33108
package.json,2018,config,e158fe44,0,False,9c27c622202a1141
PHASE1_CRITICAL_GAPS_STRATEGY.md,9195,doc,795ffb24,0,False,f1a3414562e60601
phase2_test_report_20250916_233828.json,524,test,unknown,0,False,daee067275ab2cbb
phase2_test_report_20250916_233907.json,462,test,unknown,0,False,cdaa5421266bff63
playwright.config.ts,2856,code,unknown,0,False,76f72eec2cb84b57
postcss.config.js,86,code,e158fe44,0,False,374f669f08b18e67
PROJECT_ARCHITECTURE_MAP.md,8267,doc,295d3ceb,0,False,44da19c859496cc0
PROJECT_OVERVIEW.md,6500,doc,f814bff5,0,False,295a8a2538e5b2bb
PROTECTION_SYSTEMS_ANALYSIS_2025.md,8086,doc,1bc7b1dd,0,False,2212edaa9f5cc96c
pyrightconfig.json,952,config,065c05c8,0,False,54c1175aa032f650
pytest.ini,366,config,3439b858,0,False,670f7bdcd4be5bf2
README.md,62795,doc,f9069c8e,0,False,54f78c2a484ce763
REFACTOR_COMPLETION_REPORT.md,6799,doc,e5e7d55e,0,False,692a11b57ec2ae5d
run_automated_scheduler.py,4336,code,065c05c8,0,False,b5c239e6919179e2
run_tests.bat,2236,test,unknown,0,False,3fe85d0f1d83373d
run_tests.sh,2053,test,unknown,0,False,411ce415262dac3b
SAFETY_TEST_README.md,6443,test,4df1a010,0,False,133e84a2b901b453
SELF_IMPROVEMENT_README.md,9542,doc,4df1a010,0,False,986a0e113e631205
setup.py,901,code,065c05c8,0,False,c0a99b327f27ac84
simple_email_test.py,2541,test,795ffb24,0,False,2cb60e6e10ff47a5
stable_ai_server.py,7860,code,7810265e,0,False,70255abc5bf64044
stable_ai_server_backup.py,27789,code,unknown,0,False,8d97e48c81160b29
stable_ai_server_clean.py,23154,code,7810265e,0,False,abe8170edfff5fc8
stable_ai_server_complex.py,22640,code,7810265e,0,False,e33a08757a60d89c
stable_ai_server_simple.py,7860,code,7810265e,0,False,70255abc5bf64044
stillme_desktop_app.py,34023,code,3d885d2e,0,False,0bd8d110e27a8943
STILLME_MOBILE_DESKTOP_DELIVERY.md,11010,doc,795ffb24,0,False,43a2784e45d460fc
STILLME_SYSTEM_OVERVIEW.md,10579,doc,d96da5d8,0,False,973600d34faa8b43
STRESS_TEST_README.md,6972,test,4df1a010,0,False,188d40bbd56a226c
TAILSCALE_DEVLINK_COMPLETION_REPORT.md,7525,doc,e5e7d55e,0,False,1e9701c5a7abae05
tailwind.config.js,1632,code,e158fe44,0,False,2cf379231fc3756a
test_backend_simple.py,1116,test,84159316,0,False,844ea7cf2e9d70a4
test_basic.py,404,test,unknown,0,False,744e8039911c8d5f
test_chat_direct.py,1243,test,unknown,0,False,4c4186696f688a72
test_clean.py,43,test,unknown,0,False,f364a4d504d371c3
test_core_backend.py,1985,test,unknown,0,False,b17e69835a69167e
test_email_notifications.py,6162,test,795ffb24,0,False,997351c67bdfc60e
test_gateway_status.py,3534,test,091644ec,0,False,3491644dbceca352
test_lan_ip.py,1386,test,84159316,0,False,985288d41071d2f8
TEST_LOCAL.md,4047,test,25cb79a0,0,False,e19b841ff753dd86
test_minimal.py,78,test,unknown,0,False,d8b5f3094b84591d
test_normalize_bot_identity.py,3165,test,3d885d2e,0,False,69953ad2ec0886ee
test_ollama_direct.py,1795,test,unknown,0,False,95ff32aff8f6d682
test_simple.py,4307,test,unknown,0,False,6fbf72fa008fdc78
test_system_prompt.py,2557,test,66dc7145,0,False,73ceda701f96d63e
test_ui_refresh.py,7608,test,unknown,0,False,6edc9b596d9378f4
test_ultra_clean.py,43,test,unknown,0,False,01161ead8b492e09
test_web_access_v2_quick.py,4695,test,unknown,0,False,d999dd09dff8f881
test_web_integration.py,4392,test,unknown,0,False,a1aa30ee8ed6c033
test_web_search_toggle.py,3540,test,unknown,0,False,acf0f8fbcba94cb8
tox.ini,288,config,unknown,0,False,d40e9382b219ded7
vite.config.js,276,code,e158fe44,0,False,2acdacbc8edb7ccf
web_tools.py,15167,code,unknown,0,False,7b0acd38675f9437
__init__.py,50,code,065c05c8,0,False,c64a9ba703ca0c43
agent-dev\__init__.py,789,code,065c05c8,0,False,3e25163ca5c78b40
agent-dev\core\agentdev_honest.py,11383,code,065c05c8,0,False,c0396dafb849f2e3
agent-dev\core\agentdev_real_fix.py,10275,code,065c05c8,0,False,67332641927b05ae
agent-dev\core\agentdev_simple.py,5918,code,065c05c8,0,False,1a4ce26b11f820a3
agent-dev\core\agentdev_ultimate.py,29546,code,065c05c8,0,False,7753bba653d99861
agent-dev\core\enhanced_agentdev.py,10782,code,065c05c8,0,False,b708c2077fdcf4a2
agent-dev\core\__init__.py,448,code,065c05c8,0,False,c44a9b0317e320df
agent-dev\docs\AGENTDEV_COMPLETE_GUIDE.md,14664,doc,065c05c8,0,False,316327704b043b27
agent-dev\docs\AGENTDEV_HONEST_SYSTEM_REPORT.md,5986,doc,065c05c8,0,False,8bd6ec58b35ce9e8
agent-dev\docs\ENHANCED_AGENTDEV_GUIDE.md,3014,doc,065c05c8,0,False,b206feb106f306e2
agent-dev\docs\ENHANCED_AGENTDEV_README.md,15470,doc,065c05c8,0,False,f54cfb63fef04538
agent-dev\docs\__init__.py,188,code,065c05c8,0,False,d84f29afc9d25534
agent-dev\tests\test_agentdev_brain.py,1643,test,d62d46c9,0,False,1c87de5eb74fda72
agent-dev\tests\test_agentdev_real.py,724,test,d62d46c9,0,False,72a8b6b9ad6df8dc
agent-dev\tests\test_agentdev_super.py,741,test,d62d46c9,0,False,a0f16ad2793da91a
agent-dev\tests\__init__.py,180,code,065c05c8,0,False,b97d4652ac9756e5
agent-dev\tools\agent_module_tester.py,5603,test,unknown,0,False,993697d7fd4da909
agent-dev\tools\upgrade_agentdev.py,17075,code,065c05c8,0,False,672af2b4b8feb19e
agent-dev\tools\__init__.py,208,code,065c05c8,0,False,adadca89f97fa6dc
agent-dev\validation\integration.py,7439,code,065c05c8,0,False,c15d0bcbfcdcc429
agent-dev\validation\test_validation_system.py,1820,test,065c05c8,0,False,66aeede35108d45e
agent-dev\validation\validation_system.py,16644,code,065c05c8,0,False,d08cb09bd67a0136
agent-dev\validation\__init__.py,407,code,065c05c8,0,False,610202e929ee786f
backup_agentdev_1757736199\agentdev_real_fix.py,10275,code,unknown,0,False,67332641927b05ae
backup_agentdev_1757736199\agentdev_simple.py,5918,code,unknown,0,False,1a4ce26b11f820a3
backup_agentdev_1757736199\agentdev_ultimate.py,29546,code,unknown,0,False,7753bba653d99861
cache\web_cache.py,13771,code,unknown,0,False,539a1dddedb8795b
ci\check_policy_loaded.py,2771,code,unknown,0,False,f05442cc1593b4fc
ci\check_protected_files.py,2502,code,unknown,0,False,17e82baab0c60546
ci\check_skip_not_cancel.py,8792,code,unknown,0,False,75efa994e456f72e
ci\shadow_inventory.yml,8238,config,unknown,0,False,82824e38a87c11ef
clients\ollama_client.py,15360,code,065c05c8,0,False,53994d0d5b000167
clients\__init__.py,252,code,065c05c8,0,False,d434e1009bf6199c
common\http.py,10463,code,065c05c8,0,False,a5ef53e889920636
config\ai_server_config.json,1526,config,unknown,0,False,50ebbe3c5cadede2
config\api_provider_config.json,805,config,unknown,0,False,feed8390354d38af
config\brand.py,4226,code,unknown,0,False,b69e9c11a34df3a7
config\content_filter_rules.json,1015,config,f814bff5,0,False,db529728aaec5484
config\desktop_app_config.json,661,config,unknown,0,False,c18a06639d88fb9e
config\emotion_config.json,2499,config,f814bff5,0,False,a40b7d4e3ce196a3
config\emotion_sense_config.json,1869,config,unknown,0,False,6ab73b96c34c3f88
config\ethical_core_config.json,1463,config,unknown,0,False,f0447d3c5ee9c041
config\ethical_rules.json,1571,config,35cce8b7,0,False,781070450500767f
config\framework_config.json,1931,config,e5e7d55e,0,False,89c838bd90207de2
config\gateway_config.json,1283,config,unknown,0,False,abe63a3a9548444d
config\manager.py,3749,code,d62d46c9,0,False,22309e95d0a66035
config\model_warmup_config.json,473,config,4df1a010,0,False,8a8e2c8cb2d136f0
config\module_governance_config.json,25244,config,0bf7008e,0,False,69d22bb562f618ff
config\reflection.yaml,3865,config,065c05c8,0,False,cc280d2c9d239add
config\secure_memory_config.json,1411,config,f814bff5,0,False,6523c5a189106bd4
config\security_config.json,1598,config,509803df,0,False,8664472734a38d6e
config\self_improvement_config.json,1265,config,e5e7d55e,0,False,2a2d241edf541238
config\staging.yaml,1326,config,unknown,0,False,3ae5211c7d97648f
config\templates_config.json,1859,config,unknown,0,False,090f5bfea30bbac5
config\validate_env.py,7170,code,unknown,0,False,c0929e05179f277e
config\__init__.py,621,code,d62d46c9,0,False,b67ba5a298dc99c7
config\agent_dev\config.py,1950,code,unknown,0,False,ef68a3bbe0827e03
config\core\config.py,1798,code,d62d46c9,0,False,cf8231714819abb2
config\platform\config.py,1946,code,d62d46c9,0,False,40234cf1dac20d33
config\shared\config.py,1823,code,d62d46c9,0,False,c27d8e160aeb0b52
core\performance\model_warmup_manager.py,17198,code,065c05c8,0,False,0e53891a52bf2b3a
desktop_app\stillme_desktop_app.py,27622,code,795ffb24,0,False,682651794c6cd4dd
desktop_app\test_ping.py,3755,test,795ffb24,0,False,3b4c9db313856f93
docs\agentdev_integration_audit.md,15942,doc,065c05c8,0,False,3697d454d0e537d4
docs\agentdev_integration_map.md,8361,doc,065c05c8,0,False,ea2542d49c307cf8
docs\AI_ROUTER_OPTIMIZATION_REPORT.md,5475,doc,7810265e,0,False,62614c9de528cb18
docs\api_gateway_audit.md,12221,doc,unknown,0,False,ba7202ab09e6c19d
docs\cli_usage.md,5109,doc,065c05c8,0,False,c0bb66ae15616eec
docs\conversational_core.md,2860,doc,49c6c0f9,0,False,54893ab96e3738ad
docs\developer_guide_common.md,16315,doc,e5e7d55e,0,False,146ec0a33fb063be
docs\env-protection-audit.md,4475,doc,unknown,0,False,370ea13c0aadfacf
docs\i18n-inventory.md,3975,doc,unknown,0,False,8f30ae2baf5f2d2c
docs\internet-access-audit.md,9162,doc,unknown,0,False,3170fd1ad26bed4b
docs\internet-access-implementation-summary.md,8282,doc,unknown,0,False,78c595e08ada426c
docs\internet-integration.md,10153,doc,unknown,0,False,d198637358352c18
docs\layered_memory.md,3016,doc,49c6c0f9,0,False,61ffee9644a710c7
docs\niche_radar.md,11524,doc,unknown,0,False,f2ecbe4b1e3548c5
docs\PHASE0_API_DOCUMENTATION.md,5718,doc,509803df,0,False,fd5406bad28e120b
docs\PHASE0_COMPLETE_DOCUMENTATION.md,13510,doc,509803df,0,False,0b0a999c008a7822
docs\qa-release-engineering.md,9770,doc,unknown,0,False,a1c3a1a0382e3ddc
docs\readme-cleanup-summary.md,4286,doc,unknown,0,False,32ee6e18b9e90572
docs\refactor_plan.md,14256,doc,e5e7d55e,0,False,a53dfbd60c0743a6
docs\reflection_arch.md,4219,doc,065c05c8,0,False,b7142e3b6b99c741
docs\reflection_controller.md,4971,doc,065c05c8,0,False,0e400925789be672
docs\repository_management_guide.md,7568,doc,unknown,0,False,9004a420135e273d
docs\restructure_proposal.md,9701,doc,unknown,0,False,780ec24c1285fc1d
docs\router_config_example.md,9385,doc,7810265e,0,False,82ee0cf99711adda
docs\skip-policy-audit.md,3886,doc,unknown,0,False,78601354da446c9e
docs\smart_g_p_t__a_p_i__manager.md,2987,doc,49c6c0f9,0,False,f14d74081a5d9c57
docs\tailscale_dev_link.md,5069,doc,e5e7d55e,0,False,b064cd58a3ad8354
docs\task1_deliverables.md,7030,doc,unknown,0,False,c280518ee9b21421
docs\token_optimizer.md,2131,doc,49c6c0f9,0,False,a96a0412c951ab0f
docs\translation_config_example.md,807,doc,d62e20a8,0,False,86c97444c658c2e7
docs\ui-refresh-summary.md,8851,doc,unknown,0,False,6520d199991ed9ce
docs\ui-refresh.md,12346,doc,unknown,0,False,6a5280228b6c4bfc
docs\web-access-v2.md,9809,doc,unknown,0,False,eb7b483446162ecd
docs\dev\agentdev_inventory.md,1703,doc,f814bff5,0,False,a883e518d052f8a0
e2e\global-setup.ts,2973,code,unknown,0,False,ca965cb7fda1cb19
e2e\global-teardown.ts,2066,code,unknown,0,False,0fc36683350769eb
e2e\test_niche_ui.spec.ts,10729,test,unknown,0,False,79f199642aa95b7d
gateway_poc\docker-compose.yml,4466,config,unknown,0,False,688714a01c72852e
gateway_poc\README.md,4029,doc,unknown,0,False,dff0ad0297b6666b
gateway_poc\gateway\config.py,7259,code,unknown,0,False,ab7872d76ec43bbe
gateway_poc\gateway\main.py,13289,code,unknown,0,False,a5e852df9a523d85
gateway_poc\scripts\load_test.js,4018,test,unknown,0,False,c8db61883d1691d7
knowledge_packs\pack_20250906_2.json,1537,config,4df1a010,0,False,4162c9dd1f99ae45
lesson_proposals\20250906.json,2064,config,4df1a010,0,False,ca3c659304881f39
libs\design_tokens.py,7099,code,unknown,0,False,03f573f6911c30b9
libs\performance_tracker.py,5022,code,unknown,0,False,723229c54de7313e
libs\system_prompt.py,3632,code,unknown,0,False,69b59e384e35d759
libs\lang\detect.py,8129,code,unknown,0,False,1b196f0372abcf70
metrics\web_metrics.py,17952,code,unknown,0,False,a9b35c7bf01cbaeb
mobile_app\INSTALL_FLUTTER.md,2982,doc,795ffb24,0,False,35878e294dda3b6c
mobile_app\pubspec.yaml,1595,config,unknown,0,False,226b5b33c307ff90
mobile_app\QUICK_BUILD.md,1105,doc,795ffb24,0,False,1996110a7818ab7b
mobile_app\README_MOBILE.md,8634,doc,795ffb24,0,False,a07672cc319ac5b0
mobile_app\assets\config\app_config.json,795,config,unknown,0,False,8b9d181379a6b8d5
mobile_app_new\analysis_options.yaml,1448,config,unknown,0,False,b63207cf529949ec
mobile_app_new\pubspec.yaml,1616,config,unknown,0,False,ae995393416bc179
mobile_app_new\README.md,746,doc,795ffb24,0,False,fa3952e069af03ac
mobile_app_new\android\gradlew.bat,2404,other,unknown,0,False,c13c6e91b9a51778
mobile_app_new\android\app\src\main\java\io\flutter\plugins\GeneratedPluginRegistrant.java,2130,code,unknown,0,False,6875f9441e2afb82
mobile_app_new\android\app\src\main\kotlin\com\example\mobile_app_new\MainActivity.kt,133,code,795ffb24,0,False,93d9dded01f59ac6
mobile_app_new\assets\config\app_config.json,1399,config,unknown,0,False,c227fd52d7beb14d
mobile_app_new\ios\Flutter\flutter_export_environment.sh,512,other,unknown,0,False,8595d4911dcf4642
mobile_app_new\ios\Flutter\ephemeral\flutter_lldb_helper.py,1276,code,unknown,0,False,05cfe3977fdee593
mobile_app_new\ios\Runner\AppDelegate.swift,404,code,795ffb24,0,False,13e99dab5435148e
mobile_app_new\ios\Runner\GeneratedPluginRegistrant.h,378,code,unknown,0,False,a5f88cc6415d2e63
mobile_app_new\ios\Runner\Runner-Bridging-Header.h,39,code,795ffb24,0,False,efe657d8b27f7f85
mobile_app_new\ios\Runner\Assets.xcassets\AppIcon.appiconset\Contents.json,2641,config,unknown,0,False,5f8b941b774bde44
mobile_app_new\ios\Runner\Assets.xcassets\LaunchImage.imageset\Contents.json,414,config,unknown,0,False,fbd112a9f3b541a1
mobile_app_new\ios\RunnerTests\RunnerTests.swift,297,code,795ffb24,0,False,c0e04141287eb7f9
mobile_app_new\linux\flutter\generated_plugin_registrant.h,303,code,795ffb24,0,False,00f93bb5b1faefde
mobile_app_new\linux\runner\my_application.h,406,code,795ffb24,0,False,b9be2b58ead9fa2f
mobile_app_new\macos\Flutter\GeneratedPluginRegistrant.swift,883,code,795ffb24,0,False,f654ce674175e2b9
mobile_app_new\macos\Flutter\ephemeral\flutter_export_environment.sh,474,other,unknown,0,False,58d4deac99f0a6bb
mobile_app_new\macos\Runner\AppDelegate.swift,324,code,795ffb24,0,False,5b9cbdcb563ad857
mobile_app_new\macos\Runner\MainFlutterWindow.swift,403,code,795ffb24,0,False,8178ad756f958f98
mobile_app_new\macos\Runner\Assets.xcassets\AppIcon.appiconset\Contents.json,1359,config,unknown,0,False,992ba63d183dfb8f
mobile_app_new\macos\RunnerTests\RunnerTests.swift,302,code,795ffb24,0,False,8a0ff977c64ceac0
mobile_app_new\web\manifest.json,959,config,unknown,0,False,b1f85ee37f0e4866
mobile_app_new\windows\flutter\generated_plugin_registrant.h,302,code,795ffb24,0,False,dbc11635d7b1ba18
mobile_app_new\windows\runner\flutter_window.cpp,2193,code,795ffb24,0,False,d615eedc06ae3732
mobile_app_new\windows\runner\flutter_window.h,961,code,795ffb24,0,False,0252b804f5da380c
mobile_app_new\windows\runner\main.cpp,1310,code,795ffb24,0,False,18ac1c53801ef1e1
mobile_app_new\windows\runner\resource.h,448,code,795ffb24,0,False,d0e8bf7835468b4b
mobile_app_new\windows\runner\utils.cpp,1862,code,795ffb24,0,False,fbb18524c22593d0
mobile_app_new\windows\runner\utils.h,691,code,795ffb24,0,False,832e246b6758253f
mobile_app_new\windows\runner\win32_window.cpp,8822,code,795ffb24,0,False,4e4f4dcf8e86ea6e
mobile_app_new\windows\runner\win32_window.h,3624,code,795ffb24,0,False,d154cf89ba85f820
mobile_app_simple\analysis_options.yaml,1448,config,unknown,0,False,b63207cf529949ec
mobile_app_simple\pubspec.yaml,1658,config,unknown,0,False,b320776de0064321
mobile_app_simple\README.md,752,doc,795ffb24,0,False,28e5f0a2eca21f57
mobile_app_simple\README_MOBILE.md,1913,doc,795ffb24,0,False,62807b02529e12a2
mobile_app_simple\scan_secrets.sh,1693,other,795ffb24,0,False,5193d49d6899df5e
mobile_app_simple\android\gradlew.bat,2404,other,unknown,0,False,c13c6e91b9a51778
mobile_app_simple\android\app\src\main\java\io\flutter\plugins\GeneratedPluginRegistrant.java,2399,code,unknown,0,False,f94036adc5ee726b
mobile_app_simple\android\app\src\main\kotlin\com\stillme\mobile\MainActivity.kt,125,code,795ffb24,0,False,ba0fe0a83ef3c161
mobile_app_simple\assets\app_config.json,795,config,unknown,0,False,8b9d181379a6b8d5
mobile_app_simple\assets\config\app_config.dev.json,283,config,unknown,0,False,f4b6c50a211df636
mobile_app_simple\assets\config\app_config.json,171,config,unknown,0,False,fe65e2844ef2bdb8
mobile_app_simple\assets\config\app_config.prod.json,276,config,unknown,0,False,0d9cf06911bf8f32
mobile_app_simple\ios\Flutter\flutter_export_environment.sh,515,other,unknown,0,False,6973721c8a90ea0f
mobile_app_simple\ios\Flutter\ephemeral\flutter_lldb_helper.py,1276,code,unknown,0,False,05cfe3977fdee593
mobile_app_simple\ios\Runner\AppDelegate.swift,404,code,795ffb24,0,False,13e99dab5435148e
mobile_app_simple\ios\Runner\GeneratedPluginRegistrant.h,378,code,unknown,0,False,a5f88cc6415d2e63
mobile_app_simple\ios\Runner\Runner-Bridging-Header.h,39,code,795ffb24,0,False,efe657d8b27f7f85
mobile_app_simple\ios\Runner\Assets.xcassets\AppIcon.appiconset\Contents.json,2641,config,unknown,0,False,5f8b941b774bde44
mobile_app_simple\ios\Runner\Assets.xcassets\LaunchImage.imageset\Contents.json,414,config,unknown,0,False,fbd112a9f3b541a1
mobile_app_simple\ios\RunnerTests\RunnerTests.swift,297,code,795ffb24,0,False,c0e04141287eb7f9
mobile_app_simple\linux\flutter\generated_plugin_registrant.h,303,code,795ffb24,0,False,00f93bb5b1faefde
mobile_app_simple\linux\runner\my_application.h,406,code,795ffb24,0,False,b9be2b58ead9fa2f
mobile_app_simple\macos\Flutter\GeneratedPluginRegistrant.swift,1009,code,795ffb24,0,False,1a08bf0d5089859d
mobile_app_simple\macos\Flutter\ephemeral\flutter_export_environment.sh,477,other,unknown,0,False,d7f060bcd5b600f4
mobile_app_simple\macos\Runner\AppDelegate.swift,324,code,795ffb24,0,False,5b9cbdcb563ad857
mobile_app_simple\macos\Runner\MainFlutterWindow.swift,403,code,795ffb24,0,False,8178ad756f958f98
mobile_app_simple\macos\Runner\Assets.xcassets\AppIcon.appiconset\Contents.json,1359,config,unknown,0,False,992ba63d183dfb8f
mobile_app_simple\macos\RunnerTests\RunnerTests.swift,302,code,795ffb24,0,False,8a0ff977c64ceac0
mobile_app_simple\mobile_app_simple\pubspec.yaml,1595,config,unknown,0,False,226b5b33c307ff90
mobile_app_simple\mobile_app_simple\assets\config\app_config.json,795,config,unknown,0,False,8b9d181379a6b8d5
mobile_app_simple\web\manifest.json,965,config,unknown,0,False,986bc90dc6706983
mobile_app_simple\windows\flutter\generated_plugin_registrant.h,302,code,795ffb24,0,False,dbc11635d7b1ba18
mobile_app_simple\windows\runner\flutter_window.cpp,2193,code,795ffb24,0,False,d615eedc06ae3732
mobile_app_simple\windows\runner\flutter_window.h,961,code,795ffb24,0,False,0252b804f5da380c
mobile_app_simple\windows\runner\main.cpp,1313,code,795ffb24,0,False,e7b6e38eb3f3615c
mobile_app_simple\windows\runner\resource.h,448,code,795ffb24,0,False,d0e8bf7835468b4b
mobile_app_simple\windows\runner\utils.cpp,1862,code,795ffb24,0,False,fbb18524c22593d0
mobile_app_simple\windows\runner\utils.h,691,code,795ffb24,0,False,832e246b6758253f
mobile_app_simple\windows\runner\win32_window.cpp,8822,code,795ffb24,0,False,4e4f4dcf8e86ea6e
mobile_app_simple\windows\runner\win32_window.h,3624,code,795ffb24,0,False,d154cf89ba85f820
niche_radar\collectors.py,19848,code,unknown,0,False,2f18bdf66199adfc
niche_radar\feedback.py,18478,code,unknown,0,False,2e23f1d65fa05a36
niche_radar\playbook.py,28740,code,unknown,0,False,ef1bf0901962109a
niche_radar\scoring.py,20046,code,unknown,0,False,831bbef922959e0d
niche_radar\__init__.py,1592,code,unknown,0,False,17da219d02884a93
oi_adapter\interpreter_controller.py,19089,code,065c05c8,0,False,9eca03963bf9f337
oi_adapter\__init__.py,0,code,f814bff5,0,False,e3b0c44298fc1c14
packages\package_info.json,350,config,unknown,0,False,7e6d7530f9c1d0c2
policy\tool_gate.py,17975,code,unknown,0,False,0e28e2845d0ad542
runtime\file_policy.py,12880,code,unknown,0,False,a1331918be1c36de
runtime\file_policy.ts,14811,code,unknown,0,False,667eb452fea1a62f
runtime\interaction_policy.py,8228,code,unknown,0,False,3627ce233bcfedfd
runtime\interaction_policy.ts,8861,code,unknown,0,False,bf43ac43bf9e76a7
runtime\policy_loader.py,4870,code,unknown,0,False,d4e851d0accd567b
runtime\skip_diagnose.py,12366,code,unknown,0,False,76f9427f0c61d531
runtime\skip_diagnose.ts,12536,code,unknown,0,False,92789b7a8b5358ae
scripts\benchmark_router.py,23700,code,unknown,0,False,d8ee7d43886d4125
scripts\calibrate_router.py,17452,code,7810265e,0,False,431f373b8b24cb67
scripts\check_policy_compliance.py,5020,code,unknown,0,False,6aaaec2b4b1782f0
scripts\compute_base_url.ps1,1670,other,e5e7d55e,0,False,8ebbb0e7eb4c01fb
scripts\compute_base_url.sh,1093,other,e5e7d55e,0,False,5bfa2936cc171a49
scripts\debug_router.py,14032,code,7810265e,0,False,c54d4d529a08d863
scripts\detect_server_port.ps1,913,other,e5e7d55e,0,False,d6d7cfe185acc232
scripts\get_tailscale_ip.ps1,959,other,e5e7d55e,0,False,ce4c1eb89260e638
scripts\get_tailscale_ip.sh,748,other,e5e7d55e,0,False,93719e1c2e98a00d
scripts\install_hooks.py,6960,code,unknown,0,False,a2216a518dfe2e32
scripts\kill-by-port.ps1,756,other,35cce8b7,0,False,5f7bfc2aae411c2a
scripts\monitor_router.py,12562,code,7810265e,0,False,73abfd33eefe617d
scripts\README.md,7700,doc,7810265e,0,False,ad968e7d073d5589
scripts\router.py,8739,code,7810265e,0,False,3c0897b419b0ac15
scripts\router_cli.py,14672,code,7810265e,0,False,f0e2454716bfa8dd
scripts\router_dashboard.py,16896,code,7810265e,0,False,5369bf5ec4f81a78
scripts\router_manager.py,17608,code,7810265e,0,False,3f026df55a572937
scripts\router_tools.py,26424,code,7810265e,0,False,d7125b30d9ba2d1a
scripts\run_qa_suite.py,9343,code,unknown,0,False,7ade8a5ec7f5fe11
scripts\run_reflection_tests.py,12263,test,065c05c8,0,False,e69a72a831ceabe2
scripts\run_tests.py,6115,test,unknown,0,False,c163e4770e0e11ca
scripts\setup_qa_environment.py,7388,code,unknown,0,False,9b1cff4bf56276c0
scripts\smoke_test.ps1,4376,test,e5e7d55e,0,False,6f9e8a9fbdb0e474
scripts\smoke_test.sh,2795,test,e5e7d55e,0,False,d257d98d57cc0c56
scripts\start_api.ps1,1735,other,35cce8b7,0,False,69261d37b4a57517
scripts\start_server.ps1,1274,other,e5e7d55e,0,False,5115f6b1f760cb1b
scripts\start_server.sh,1032,other,e5e7d55e,0,False,818c3d003228d86d
scripts\start_web.ps1,1559,other,35cce8b7,0,False,9af58ce356fcfcc6
scripts\stop_server.ps1,1994,other,e5e7d55e,0,False,a2c54916fce1d9ab
scripts\stop_server.sh,1300,other,e5e7d55e,0,False,2c4d20730020adb9
scripts\test_external_access.ps1,3407,test,e5e7d55e,0,False,be4df5ab1fd3518d
scripts\test_router.py,23842,test,7810265e,0,False,5e9637b492a39e8b
scripts\validate_router.py,20059,code,7810265e,0,False,e3a16ca8e6ac3855
scripts\wait_ready.ps1,1391,other,e5e7d55e,0,False,d7384347a97a3da0
scripts\wait_ready.sh,1009,other,e5e7d55e,0,False,e67eae868448c365
security\content_wrap.py,18250,code,unknown,0,False,d83afadcdee1f294
specs\conversational_core_v1.json,1272,config,49c6c0f9,0,False,cb62f482abe1e49d
specs\layered_memory_v1.json,1728,config,49c6c0f9,0,False,ac7474dca7651fa5
specs\smartgpt_api_manager_v1.json,1895,config,49c6c0f9,0,False,d389c6716f3c6f84
specs\token_optimizer_v1.json,1032,config,49c6c0f9,0,False,012c04ba10e6f38a
src\hooks\useChat.js,1200,code,e158fe44,0,False,6f08190090657800
src\hooks\useGateway.js,927,code,e158fe44,0,False,111c5c93ae0e7f02
src\hooks\useTheme.js,788,code,e158fe44,0,False,a20b78b716ea3644
stillme_core\framework.py,47881,code,dde1d77f,0,False,2ea6765e806901b0
stillme_core\__init__.py,522,code,dde1d77f,0,False,f8156d5cc869333a
stillme_core\adapters\gpt5_client.py,2398,code,dde1d77f,0,False,e31ff9c1ab570de6
stillme_core\adapters\ollama_client.py,3435,code,dde1d77f,0,False,c98f683014fadc10
stillme_core\adapters\__init__.py,0,code,dde1d77f,0,False,e3b0c44298fc1c14
stillme_core\common\config.py,11297,code,dde1d77f,0,False,fd09d6a9b4bd6e85
stillme_core\common\errors.py,14558,code,dde1d77f,0,False,7745c0043ab2e5e3
stillme_core\common\http.py,17418,code,dde1d77f,0,False,21979405c53b9ded
stillme_core\common\io.py,22750,code,dde1d77f,0,False,98bdb0e51fd53ee1
stillme_core\common\logging.py,13199,code,dde1d77f,0,False,d89f67fa05c354fe
stillme_core\common\retry.py,16096,code,dde1d77f,0,False,c833b85d8b7e9647
stillme_core\common\templates.py,21245,code,dde1d77f,0,False,2e967e4b305a859f
stillme_core\common\validation.py,25710,code,dde1d77f,0,False,23f36c7f0932a56a
stillme_core\common\__init__.py,192,code,dde1d77f,0,False,a30af6eb0028f603
stillme_core\config\content_filter_rules.json,1015,config,unknown,0,False,db529728aaec5484
stillme_core\config\__init__.py,235,code,dde1d77f,0,False,dde020cb92716b37
stillme_core\core\advanced_visualization.py,34117,code,dde1d77f,0,False,7ad0db8e82f4a065
stillme_core\core\agent_dev.py,105,code,unknown,0,False,2d5f2ac5502de35a
stillme_core\core\agent_dev_bridge.py,1296,code,unknown,0,False,f0c9e1101dffcc0d
stillme_core\core\ai_manager.py,35769,code,dde1d77f,0,False,5a316690d9315788
stillme_core\core\ai_plan_schema.py,1416,code,dde1d77f,0,False,0639b48093d6d1f3
stillme_core\core\autonomous_management_system.py,44248,code,dde1d77f,0,False,1dc61a417f210827
stillme_core\core\billing_foundation.py,15653,code,dde1d77f,0,False,a6a0bd737c3cf67f
stillme_core\core\bug_memory.py,3255,code,dde1d77f,0,False,52c1b2c50207da3e
stillme_core\core\config.py,367,code,dde1d77f,0,False,298e19af3b596b90
stillme_core\core\config_defaults.py,906,code,dde1d77f,0,False,4a24f6fc5e7e3153
stillme_core\core\conscience_core_v1.py,5713,code,dde1d77f,0,False,7099b6bf707d1187
stillme_core\core\controller.py,12477,code,dde1d77f,0,False,78bf7c00be537a55
stillme_core\core\core_dashboard.py,39102,code,dde1d77f,0,False,e2671bdebcc8ebb0
stillme_core\core\core_metrics_collector.py,26960,code,dde1d77f,0,False,aa8b043951444332
stillme_core\core\dependency_resolver.py,18551,code,dde1d77f,0,False,f6c157a0e0ce51d5
stillme_core\core\ecosystem_discovery.py,22228,code,dde1d77f,0,False,24a047ff2d498b09
stillme_core\core\enhanced_executor.py,18707,code,dde1d77f,0,False,10f481a995048df5
stillme_core\core\enterprise_readiness.py,15411,code,dde1d77f,0,False,09da79222830a555
stillme_core\core\error_recovery.py,15414,code,dde1d77f,0,False,dcba9f556872b9d3
stillme_core\core\essential_value_metrics.py,30184,code,dde1d77f,0,False,aba62e447146cac9
stillme_core\core\executor.py,13082,code,dde1d77f,0,False,2436ffb5b55e47d1
stillme_core\core\financial_validation_engine.py,16016,code,dde1d77f,0,False,664b9845080a40ed
stillme_core\core\git_manager.py,2128,code,dde1d77f,0,False,51c341f620c2508c
stillme_core\core\integration_bridge.py,27218,code,dde1d77f,0,False,84244b69d5e6907e
stillme_core\core\integration_testing.py,30798,test,dde1d77f,0,False,f7e3c06ad27152d4
stillme_core\core\intelligent_pricing_engine.py,44539,code,dde1d77f,0,False,eb859b1c78b05c99
stillme_core\core\learning_optimization_engine.py,46508,code,dde1d77f,0,False,20225b95ef7de519
stillme_core\core\logging_utils.py,5208,code,dde1d77f,0,False,422a69c26bf5df15
stillme_core\core\memory_security_integration.py,30968,code,dde1d77f,0,False,7e7b0e928e1a6c20
stillme_core\core\metrics.py,6746,code,dde1d77f,0,False,0a4ab6096108c629
stillme_core\core\module_governance_system.py,40739,code,dde1d77f,0,False,393aaec0bac5295c
stillme_core\core\multi_dimensional_analysis.py,40292,code,dde1d77f,0,False,f525d2837cf34d3d
stillme_core\core\performance_optimizer.py,19698,code,dde1d77f,0,False,1cd3c4887ae3a466
stillme_core\core\phase2_integration_testing.py,41752,test,dde1d77f,0,False,7db8917ade86a98a
stillme_core\core\planner.py,22954,code,dde1d77f,0,False,6e21e2a248b6a9f7
stillme_core\core\plan_types.py,1313,code,dde1d77f,0,False,a1fda5f713b2416d
stillme_core\core\policy_map.json,1838,config,unknown,0,False,2ae14b0842dbb6ec
stillme_core\core\policy_templates.py,6383,code,dde1d77f,0,False,bd748e151e0f0556
stillme_core\core\predictive_capabilities.py,31790,code,dde1d77f,0,False,bc441238f5d64922
stillme_core\core\provider_router.py,5836,code,dde1d77f,0,False,6f9f60d95e37e32a
stillme_core\core\reflection_controller.py,22310,code,dde1d77f,0,False,510fd354d78c88be
stillme_core\core\reflection_scorer.py,19897,code,dde1d77f,0,False,c20acbcc02a357e0
stillme_core\core\safety_guard.py,17804,code,dde1d77f,0,False,c1b510e54d2f470e
stillme_core\core\safe_runner.py,711,code,dde1d77f,0,False,8bb1ae96821b38af
stillme_core\core\secrecy_filter.py,18443,code,dde1d77f,0,False,5230a0e1f1a9128e
stillme_core\core\security_compliance_system.py,47226,code,dde1d77f,0,False,7970f6621df97d7e
stillme_core\core\security_middleware.py,12745,code,dde1d77f,0,False,6743e3de86d02fa5
stillme_core\core\security_remediation.py,16646,code,dde1d77f,0,False,65e1fa57dbc5b733
stillme_core\core\sul.py,8417,code,dde1d77f,0,False,d32bea4609569557
stillme_core\core\supervisor.py,10755,code,dde1d77f,0,False,793b4eb18bec3fe7
stillme_core\core\supervisor_cli.py,3370,code,dde1d77f,0,False,38c9977a86c17e17
stillme_core\core\ui_state.py,727,code,dde1d77f,0,False,bb030bc06e5aed78
stillme_core\core\usage_analytics_engine.py,47385,code,dde1d77f,0,False,616177014debee6b
stillme_core\core\validation_testing.py,46424,test,dde1d77f,0,False,fbe3db9805d2cf8c
stillme_core\core\verifier.py,12676,code,dde1d77f,0,False,cce997048cd1c491
stillme_core\core\__init__.py,317,code,dde1d77f,0,False,22cd3ae35878fd7b
stillme_core\core\__main__.py,4022,code,dde1d77f,0,False,c16d9a4037e76fff
stillme_core\core\advanced_security\blue_team_engine.py,32990,code,7810265e,0,False,22f803098445e054
stillme_core\core\advanced_security\experience_memory_integration.py,27378,code,7810265e,0,False,08610cbcb9a2078b
stillme_core\core\advanced_security\FINAL_COMPLETION_REPORT.md,13320,doc,7810265e,0,False,d7dce7607ec86e23
stillme_core\core\advanced_security\PHASE1_SUMMARY.md,8990,doc,7810265e,0,False,e8aa506cf617c672
stillme_core\core\advanced_security\PHASE2_COMPLETION_SUMMARY.md,12313,doc,7810265e,0,False,ba57a5331e0cd145
stillme_core\core\advanced_security\README_SANDBOX.md,11300,doc,7810265e,0,False,93148180f75ecc8b
stillme_core\core\advanced_security\red_team_engine.py,43636,code,7810265e,0,False,285d316d489f4e70
stillme_core\core\advanced_security\safe_attack_simulator.py,41668,code,dde1d77f,0,False,c9a8e31d53d42062
stillme_core\core\advanced_security\security_orchestrator.py,23126,code,7810265e,0,False,08055434c4221113
stillme_core\core\advanced_security\test_phase2_integration.py,22595,test,7810265e,0,False,2561c4fa216472a3
stillme_core\core\advanced_security\__init__.py,1268,code,dde1d77f,0,False,9ea60a45336ffedf
stillme_core\core\cli\main.py,6084,code,dde1d77f,0,False,e317a195e25d2de9
stillme_core\core\cli\__init__.py,149,code,dde1d77f,0,False,fcc7e955920130bd
stillme_core\core\cli\commands\agent.py,16856,code,dde1d77f,0,False,a2e68c292ea3b632
stillme_core\core\cli\commands\config.py,11482,code,dde1d77f,0,False,1d95bd114a96e216
stillme_core\core\cli\commands\observability.py,21304,code,dde1d77f,0,False,37bc21680241e726
stillme_core\core\cli\commands\quality.py,13937,code,dde1d77f,0,False,fa6d86d96b0da7cb
stillme_core\core\cli\commands\router.py,26975,code,dde1d77f,0,False,26d373527bb715cb
stillme_core\core\cli\commands\status.py,17358,code,dde1d77f,0,False,1b6e5221f1360498
stillme_core\core\cli\commands\__init__.py,180,code,dde1d77f,0,False,a5048ea0c97c80b6
stillme_core\core\decision_making\decision_engine.py,33469,code,dde1d77f,0,False,b57504d1c59bfdfa
stillme_core\core\decision_making\ethical_guardrails.py,24480,code,dde1d77f,0,False,a58cb9e7c20ba60a
stillme_core\core\decision_making\__init__.py,1055,code,dde1d77f,0,False,e32cf04602b0db20
stillme_core\core\legacy_agentdev\agentdev_brain.py,16750,code,dde1d77f,0,False,c11e77aa7d3fd6ce
stillme_core\core\legacy_agentdev\agentdev_real.py,11189,code,dde1d77f,0,False,fe292d44055023f6
stillme_core\core\legacy_agentdev\agentdev_super.py,18889,code,dde1d77f,0,False,4abef491b599ecbe
stillme_core\core\legacy_agentdev\__init__.py,1030,code,dde1d77f,0,False,a665366ae14cf1b8
stillme_core\core\observability\dashboard.py,24509,code,dde1d77f,0,False,0eae1d218ed77f19
stillme_core\core\observability\health.py,20381,code,dde1d77f,0,False,2ce778d36f42d7a0
stillme_core\core\observability\logger.py,12545,code,dde1d77f,0,False,c2dc02581458fd2c
stillme_core\core\observability\metrics.py,15053,code,dde1d77f,0,False,6d43b14ffcb4ddcd
stillme_core\core\observability\tracer.py,18638,code,dde1d77f,0,False,c8e840a83aebe99f
stillme_core\core\observability\__init__.py,742,code,dde1d77f,0,False,4d0a3c7d4b931c49
stillme_core\core\quality\agentdev_integration.py,16531,code,dde1d77f,0,False,3c3cca40fcb156b7
stillme_core\core\quality\auto_fixer.py,18624,code,dde1d77f,0,False,02fe5ab12ab7d31e
stillme_core\core\quality\code_quality_enforcer.py,22468,code,dde1d77f,0,False,dfeaef5394115053
stillme_core\core\quality\quality_governor.py,26830,code,dde1d77f,0,False,cc0fad3b553cb3d7
stillme_core\core\quality\quality_metrics.py,19768,code,dde1d77f,0,False,d7245d6edfa94a45
stillme_core\core\quality\__init__.py,398,code,dde1d77f,0,False,dfb9a81004bb8ee6
stillme_core\core\risk\risk_assessor.py,26750,code,dde1d77f,0,False,0eae06fe6b7945eb
stillme_core\core\risk\__init__.py,809,code,dde1d77f,0,False,d4029b02d3ca8a4d
stillme_core\core\router\agent_coordinator.py,46479,code,unknown,0,False,23cbd21eec51705c
stillme_core\core\router\intelligent_router.py,32651,code,dde1d77f,0,False,03c51eb965b7418e
stillme_core\core\router\learning_engine.py,17146,code,dde1d77f,0,False,408465449d56276b
stillme_core\core\router\memory_manager.py,24594,code,dde1d77f,0,False,3d1ce1c920c88c3c
stillme_core\core\router\task_decomposer.py,44738,code,dde1d77f,0,False,40e097a4808be3dc
stillme_core\core\router\__init__.py,1024,code,dde1d77f,0,False,23c262337dcd9e87
stillme_core\core\security\attack_simulator.py,22644,code,dde1d77f,0,False,d80265c5a7c3e3ae
stillme_core\core\security\security_scanner.py,19056,code,dde1d77f,0,False,f77d9405d4c11e1b
stillme_core\core\security\__init__.py,636,code,dde1d77f,0,False,7aa32a991d961cf0
stillme_core\core\self_learning\experience_memory.py,32948,code,dde1d77f,0,False,b054592a04d73ce7
stillme_core\core\self_learning\__init__.py,910,code,dde1d77f,0,False,e9d255846eec7f8e
stillme_core\core\validation\enhanced_validation.py,35444,code,dde1d77f,0,False,35b4a619dd79f26e
stillme_core\core\validation\final_validation_system.py,49390,code,dde1d77f,0,False,b5fdebdfc3cf85f4
stillme_core\core\validation\validation_framework.py,42722,code,dde1d77f,0,False,80a87115aa6edd90
stillme_core\core\validation\__init__.py,690,code,dde1d77f,0,False,7184a97b671411d2
stillme_core\modules\api_provider_manager.py,10397,code,7810265e,0,False,009d15c97321c69e
stillme_core\modules\api_provider_manager_old.py,40316,code,7810265e,0,False,c579fb1ba23c52b6
stillme_core\modules\api_provider_manager_simple.py,10397,code,7810265e,0,False,009d15c97321c69e
stillme_core\modules\automated_scheduler.py,19190,code,dde1d77f,0,False,51ca52d02cdd89da
stillme_core\modules\communication_style_manager.py,8645,code,7810265e,0,False,486981f1e8a726f0
stillme_core\modules\content_integrity_filter.py,33413,code,dde1d77f,0,False,82747552a791528f
stillme_core\modules\content_integrity_filter_old.py,35136,code,7810265e,0,False,ec73ac3ba713a183
stillme_core\modules\conversational_core_v1.py,6546,code,dde1d77f,0,False,f4f0768694acc4b9
stillme_core\modules\daily_learning_manager.py,29694,code,dde1d77f,0,False,9aa9519d357c25ce
stillme_core\modules\emotionsense_v1.py,24019,code,dde1d77f,0,False,aa4aa520af77e331
stillme_core\modules\ethical_core_system_v1.py,28441,code,dde1d77f,0,False,56a29e66229e0fa1
stillme_core\modules\example_module.py,51,code,dde1d77f,0,False,b3f613de3fb96524
stillme_core\modules\framework_metrics.py,1808,code,dde1d77f,0,False,d346aac83b252758
stillme_core\modules\identity_handler.py,14808,code,dde1d77f,0,False,d8fd7235efe1e82c
stillme_core\modules\input_sketcher.py,5204,code,dde1d77f,0,False,1bcdd08a401b05c2
stillme_core\modules\layered_memory_v1.py,10928,code,7810265e,0,False,959289f6cd07721a
stillme_core\modules\layered_memory_v1_old.py,28388,code,7810265e,0,False,b3a1c0624c0718b1
stillme_core\modules\layered_memory_v1_simple.py,10928,code,7810265e,0,False,959289f6cd07721a
stillme_core\modules\market_intel.py,49858,code,dde1d77f,0,False,23e799780719f66f
stillme_core\modules\persona_morph.py,22511,code,dde1d77f,0,False,08ba0dde9af6e41b
stillme_core\modules\persona_morph_simple.py,19980,code,7810265e,0,False,93af834872d994e9
stillme_core\modules\prediction_engine.py,20964,code,dde1d77f,0,False,1bc7a07117b942ec
stillme_core\modules\secure_memory_manager.py,15183,code,dde1d77f,0,False,7c708069fa7a2dd6
stillme_core\modules\self_improvement_manager.py,37644,code,dde1d77f,0,False,29fcd328dc24546d
stillme_core\modules\stillme_core.py,1059,code,dde1d77f,0,False,660b8353bfa2e8f6
stillme_core\modules\telemetry.py,2657,code,dde1d77f,0,False,8ddadc05d8bafa07
stillme_core\modules\token_optimizer_v1.py,10376,code,dde1d77f,0,False,6bee0cbed2a36002
stillme_core\modules\__init__.py,1089,code,dde1d77f,0,False,2f09b27b0a557593
stillme_core\modules\backup_legacy\conversational_core.py,3550,code,unknown,0,False,378043bfc58975a2
stillme_core\modules\backup_legacy\layered_memory.py,4687,code,unknown,0,False,b4fb11a721f54e3e
stillme_core\modules\backup_legacy\smart_g_p_t__a_p_i__manager.py,3504,code,unknown,0,False,605cb976370c3780
stillme_core\modules\backup_legacy\token_optimizer.py,2959,code,unknown,0,False,5e2ef74b58e67fe2
stillme_core\tests\__init__.py,191,code,dde1d77f,0,False,89589628cc21a313
stillme_ethical_core\ethics_checker.py,842,code,065c05c8,0,False,e9301493063d862f
stillme_ethical_core\stillme_framework.py,224,code,065c05c8,0,False,a9eb28a19833f506
stillme_ethical_core\__init__.py,0,code,f814bff5,0,False,e3b0c44298fc1c14
stillme_platform\desktop\package-lock.json,829364,config,35cce8b7,0,False,28a435ebae848591
stillme_platform\desktop\package.json,2580,config,35cce8b7,0,False,0317240b80ffec6f
stillme_platform\desktop\public\electron.js,9220,code,35cce8b7,0,False,ae772a146c5a000b
stillme_platform\desktop\src\App.tsx,7958,other,35cce8b7,0,False,12d36d7c13a65ade
stillme_platform\desktop\src\index.tsx,290,other,35cce8b7,0,False,07882da151063491
stillme_platform\gateway\cors_config.py,4670,code,065c05c8,0,False,ac6bd9480f336459
stillme_platform\gateway\dev_gateway.py,10239,code,065c05c8,0,False,702fcf83c5d93130
stillme_platform\gateway\GATEWAY_ARCHITECTURE.md,2556,doc,f4332ca9,0,False,26ec095cba5d318a
stillme_platform\gateway\main.py,9022,code,795ffb24,0,False,62c34a940363e297
